date,channel,spend_gbp,impressions,clicks
2024-01-01,meta,275.85,32452,584
2024-01-01,google,180.72,15060,527
2024-01-01,tiktok,137.95,27589,606
2024-01-02,meta,343.28,40385,726
2024-01-02,google,187.6,15633,547
2024-01-02,tiktok,117.87,23574,518
2024-01-03,meta,360.76,42442,763
2024-01-03,google,179.93,14994,524
2024-01-03,tiktok,125.89,25178,553
2024-01-04,meta,287.66,33842,609
2024-01-04,google,205.41,17117,599
2024-01-04,tiktok,108.87,21774,479
2024-01-05,meta,328.54,38651,695
2024-01-05,google,176.47,14705,514
2024-01-05,tiktok,132.04,26407,580
2024-01-06,meta,309.33,36391,655
2024-01-06,google,196.5,16375,573
2024-01-06,tiktok,131.19,26238,577
2024-01-07,meta,300.85,35394,637
2024-01-07,google,167.96,13996,489
2024-01-07,tiktok,105.87,21174,465
2024-01-08,meta,337.17,39667,714
2024-01-08,google,184.66,15388,538
2024-01-08,tiktok,126.25,25250,555
2024-01-09,meta,366.25,43088,775
2024-01-09,google,202.38,16865,590
2024-01-09,tiktok,118.29,23658,520
2024-01-10,meta,340.95,40111,721
2024-01-10,google,183.71,15309,535
2024-01-10,tiktok,120.98,24196,532
2024-01-11,meta,310.38,36515,657
2024-01-11,google,160.93,13410,469
2024-01-11,tiktok,123.77,24753,544
2024-01-12,meta,281.66,33136,596
2024-01-12,google,196.38,16364,572
2024-01-12,tiktok,114.67,22934,504
2024-01-13,meta,302.31,35565,640
2024-01-13,google,192.07,16005,560
2024-01-13,tiktok,113.29,22658,498
2024-01-14,meta,318.24,37440,673
2024-01-14,google,168.34,14028,490
2024-01-14,tiktok,132.68,26536,583
2024-01-15,meta,324.17,38137,686
2024-01-15,google,193.01,16084,562
2024-01-15,tiktok,119.79,23958,527
2024-01-16,meta,281.49,33116,596
2024-01-16,google,187.71,15642,547
2024-01-16,tiktok,128.44,25688,565
2024-01-17,meta,290.53,34180,615
2024-01-17,google,164.06,13671,478
2024-01-17,tiktok,137.14,27427,603
2024-01-18,meta,314.81,37036,666
2024-01-18,google,203.8,16983,594
2024-01-18,tiktok,110.2,22040,484
2024-01-19,meta,348.13,40956,737
2024-01-19,google,164.51,13709,479
2024-01-19,tiktok,112.76,22552,496
2024-01-20,meta,319.53,37591,676
2024-01-20,google,201.42,16785,587
2024-01-20,tiktok,133.67,26734,588
2024-01-21,meta,331.16,38960,701
2024-01-21,google,175.84,14653,512
2024-01-21,tiktok,105.41,21082,463
2024-01-22,meta,316.62,37249,670
2024-01-22,google,172.48,14373,503
2024-01-22,tiktok,103.82,20764,456
2024-01-23,meta,282.81,33271,598
2024-01-23,google,154.1,12841,449
2024-01-23,tiktok,102.73,20546,452
2024-01-24,meta,276.16,32489,584
2024-01-24,google,179.93,14994,524
2024-01-24,tiktok,117.27,23454,515
2024-01-25,meta,335.64,39487,710
2024-01-25,google,194.64,16219,567
2024-01-25,tiktok,114.84,22968,505
2024-01-26,meta,350.38,41221,741
2024-01-26,google,181.18,15098,528
2024-01-26,tiktok,134.95,26990,593
2024-01-27,meta,355.36,41807,752
2024-01-27,google,178.06,14838,519
2024-01-27,tiktok,129.66,25932,570
2024-01-28,meta,305.7,35964,647
2024-01-28,google,187.37,15614,546
2024-01-28,tiktok,135.92,27183,598
2024-01-29,meta,293.82,34567,622
2024-01-29,google,201.46,16788,587
2024-01-29,tiktok,103.92,20784,457
2024-01-30,meta,334.37,39337,708
2024-01-30,google,175.78,14648,512
2024-01-30,tiktok,105.44,21088,463
2024-01-31,meta,339.22,39908,718
2024-01-31,google,170.87,14239,498
2024-01-31,tiktok,109.77,21954,482
2024-02-01,meta,330.8,38154,681
2024-02-01,google,202.47,16541,574
2024-02-01,tiktok,140.26,27501,600
2024-02-02,meta,302.21,34856,622
2024-02-02,google,193.39,15799,548
2024-02-02,tiktok,121.21,23766,518
2024-02-03,meta,338.71,39066,697
2024-02-03,google,198.7,16233,563
2024-02-03,tiktok,110.2,21607,471
2024-02-04,meta,368.06,42452,758
2024-02-04,google,205.61,16798,583
2024-02-04,tiktok,114.58,22466,490
2024-02-05,meta,365.24,42126,752
2024-02-05,google,174.65,14268,495
2024-02-05,tiktok,110.92,21749,474
2024-02-06,meta,320.79,37000,660
2024-02-06,google,181.75,14848,515
2024-02-06,tiktok,126.48,24800,541
2024-02-07,meta,313.04,36106,644
2024-02-07,google,158.59,12956,449
2024-02-07,tiktok,131.46,25776,562
2024-02-08,meta,316.09,36457,650
2024-02-08,google,190.04,15526,539
2024-02-08,tiktok,131.93,25868,564
2024-02-09,meta,302.03,34836,622
2024-02-09,google,180.47,14744,511
2024-02-09,tiktok,135.59,26586,580
2024-02-10,meta,284.13,32771,585
2024-02-10,google,171.41,14004,486
2024-02-10,tiktok,126.17,24739,539
2024-02-11,meta,354.34,40869,729
2024-02-11,google,170.61,13938,483
2024-02-11,tiktok,127.94,25086,547
2024-02-12,meta,306.47,35348,631
2024-02-12,google,186.8,15261,529
2024-02-12,tiktok,133.75,26225,572
2024-02-13,meta,360.94,41630,743
2024-02-13,google,185.99,15195,527
2024-02-13,tiktok,124.77,24464,533
2024-02-14,meta,347.07,40031,714
2024-02-14,google,170.89,13961,484
2024-02-14,tiktok,128.96,25286,551
2024-02-15,meta,378.02,43600,778
2024-02-15,google,195.0,15931,553
2024-02-15,tiktok,127.97,25092,547
2024-02-16,meta,298.99,34485,615
2024-02-16,google,168.02,13727,476
2024-02-16,tiktok,111.48,21858,477
2024-02-17,meta,309.14,35656,636
2024-02-17,google,206.18,16844,584
2024-02-17,tiktok,138.85,27225,594
2024-02-18,meta,352.72,40682,726
2024-02-18,google,161.42,13187,457
2024-02-18,tiktok,122.15,23950,522
2024-02-19,meta,375.04,43257,772
2024-02-19,google,157.81,12892,447
2024-02-19,tiktok,117.07,22954,500
2024-02-20,meta,366.35,42254,754
2024-02-20,google,166.17,13575,471
2024-02-20,tiktok,127.4,24980,545
2024-02-21,meta,333.98,38521,687
2024-02-21,google,154.07,12587,437
2024-02-21,tiktok,120.37,23601,515
2024-02-22,meta,313.36,36143,645
2024-02-22,google,159.72,13049,453
2024-02-22,tiktok,123.93,24300,530
2024-02-23,meta,316.25,36476,651
2024-02-23,google,188.84,15428,535
2024-02-23,tiktok,108.39,21252,463
2024-02-24,meta,284.55,32820,586
2024-02-24,google,164.16,13411,465
2024-02-24,tiktok,128.02,25101,547
2024-02-25,meta,324.7,37450,668
2024-02-25,google,160.85,13141,456
2024-02-25,tiktok,104.74,20537,448
2024-02-26,meta,316.81,36540,652
2024-02-26,google,159.49,13030,452
2024-02-26,tiktok,114.24,22400,488
2024-02-27,meta,355.23,40972,731
2024-02-27,google,176.25,14399,499
2024-02-27,tiktok,138.97,27249,594
2024-02-28,meta,289.19,33355,595
2024-02-28,google,175.92,14372,498
2024-02-28,tiktok,118.82,23298,508
2024-02-29,meta,327.14,37732,673
2024-02-29,google,174.19,14231,494
2024-02-29,tiktok,104.39,20468,446
2024-03-01,meta,300.52,33995,602
2024-03-01,google,172.69,13837,476
2024-03-01,tiktok,132.9,25557,553
2024-03-02,meta,315.14,35649,631
2024-03-02,google,208.79,16729,576
2024-03-02,tiktok,134.86,25934,561
2024-03-03,meta,291.14,32934,583
2024-03-03,google,164.64,13192,454
2024-03-03,tiktok,130.57,25109,543
2024-03-04,meta,326.19,36899,653
2024-03-04,google,175.17,14036,483
2024-03-04,tiktok,117.47,22590,489
2024-03-05,meta,329.06,37223,659
2024-03-05,google,200.57,16071,553
2024-03-05,tiktok,137.75,26490,573
2024-03-06,meta,377.08,42656,755
2024-03-06,google,176.06,14107,485
2024-03-06,tiktok,134.01,25771,557
2024-03-07,meta,381.68,43176,764
2024-03-07,google,194.08,15551,535
2024-03-07,tiktok,128.09,24632,533
2024-03-08,meta,340.0,38461,681
2024-03-08,google,207.66,16639,573
2024-03-08,tiktok,109.21,21001,454
2024-03-09,meta,297.07,33605,595
2024-03-09,google,154.68,12394,426
2024-03-09,tiktok,125.54,24142,522
2024-03-10,meta,354.14,40061,709
2024-03-10,google,197.74,15844,545
2024-03-10,tiktok,136.1,26173,566
2024-03-11,meta,306.64,34687,614
2024-03-11,google,167.82,13447,463
2024-03-11,tiktok,128.99,24805,536
2024-03-12,meta,321.54,36373,644
2024-03-12,google,202.11,16194,557
2024-03-12,tiktok,134.56,25876,560
2024-03-13,meta,310.13,35082,621
2024-03-13,google,171.47,13739,473
2024-03-13,tiktok,124.25,23894,517
2024-03-14,meta,293.45,33195,587
2024-03-14,google,177.34,14209,489
2024-03-14,tiktok,109.74,21103,456
2024-03-15,meta,329.58,37282,660
2024-03-15,google,199.97,16023,551
2024-03-15,tiktok,114.33,21986,475
2024-03-16,meta,377.06,42653,755
2024-03-16,google,179.77,14404,496
2024-03-16,tiktok,137.39,26421,571
2024-03-17,meta,372.24,42108,745
2024-03-17,google,172.09,13789,474
2024-03-17,tiktok,135.13,25986,562
2024-03-18,meta,380.79,43075,762
2024-03-18,google,163.52,13102,451
2024-03-18,tiktok,128.41,24694,534
2024-03-19,meta,388.72,43972,778
2024-03-19,google,193.22,15482,533
2024-03-19,tiktok,108.71,20905,452
2024-03-20,meta,382.56,43276,766
2024-03-20,google,177.32,14208,489
2024-03-20,tiktok,127.75,24567,531
2024-03-21,meta,297.45,33648,595
2024-03-21,google,185.92,14897,513
2024-03-21,tiktok,130.39,25074,542
2024-03-22,meta,302.49,34218,606
2024-03-22,google,201.85,16173,556
2024-03-22,tiktok,124.01,23848,516
2024-03-23,meta,379.24,42900,759
2024-03-23,google,157.28,12602,434
2024-03-23,tiktok,120.98,23265,503
2024-03-24,meta,331.85,37539,664
2024-03-24,google,157.51,12620,434
2024-03-24,tiktok,122.31,23521,509
2024-03-25,meta,380.41,43032,762
2024-03-25,google,157.68,12634,435
2024-03-25,tiktok,127.65,24548,531
2024-03-26,meta,318.69,36050,638
2024-03-26,google,161.05,12904,444
2024-03-26,tiktok,130.68,25130,544
2024-03-27,meta,350.01,39593,701
2024-03-27,google,201.15,16117,555
2024-03-27,tiktok,123.65,23778,514
2024-03-28,meta,353.57,39996,708
2024-03-28,google,191.33,15330,527
2024-03-28,tiktok,109.97,21148,457
2024-03-29,meta,350.13,39607,701
2024-03-29,google,170.08,13628,469
2024-03-29,tiktok,122.67,23590,510
2024-03-30,meta,349.36,39520,699
2024-03-30,google,188.45,15100,520
2024-03-30,tiktok,131.28,25246,546
2024-03-31,meta,347.49,39308,696
2024-03-31,google,169.32,13567,467
2024-03-31,tiktok,121.81,23425,507
2024-04-01,meta,307.9,34173,600
2024-04-01,google,163.45,12849,438
2024-04-01,tiktok,131.21,24756,531
2024-04-02,meta,399.23,44309,778
2024-04-02,google,167.3,13152,449
2024-04-02,tiktok,127.7,24094,517
2024-04-03,meta,380.22,42199,741
2024-04-03,google,184.95,14540,496
2024-04-03,tiktok,119.99,22639,486
2024-04-04,meta,350.32,38881,683
2024-04-04,google,201.86,15869,542
2024-04-04,tiktok,128.69,24281,521
2024-04-05,meta,396.7,44028,773
2024-04-05,google,163.69,12868,439
2024-04-05,tiktok,137.8,26000,558
2024-04-06,meta,348.85,38718,680
2024-04-06,google,189.37,14887,508
2024-04-06,tiktok,145.75,27499,590
2024-04-07,meta,379.15,42081,739
2024-04-07,google,184.78,14526,496
2024-04-07,tiktok,124.56,23501,504
2024-04-08,meta,319.33,35441,622
2024-04-08,google,209.37,16459,562
2024-04-08,tiktok,143.25,27028,580
2024-04-09,meta,320.44,35564,624
2024-04-09,google,193.44,15207,519
2024-04-09,tiktok,108.59,20488,439
2024-04-10,meta,383.23,42533,747
2024-04-10,google,157.25,12362,422
2024-04-10,tiktok,135.33,25533,548
2024-04-11,meta,307.43,34120,599
2024-04-11,google,173.08,13606,464
2024-04-11,tiktok,126.75,23915,513
2024-04-12,meta,335.88,37278,654
2024-04-12,google,209.45,16466,562
2024-04-12,tiktok,108.73,20515,440
2024-04-13,meta,386.74,42923,754
2024-04-13,google,165.95,13046,445
2024-04-13,tiktok,137.16,25879,555
2024-04-14,meta,400.39,44438,780
2024-04-14,google,176.38,13866,473
2024-04-14,tiktok,140.86,26577,570
2024-04-15,meta,377.66,41915,736
2024-04-15,google,160.11,12587,429
2024-04-15,tiktok,139.99,26413,567
2024-04-16,meta,341.07,37854,665
2024-04-16,google,197.21,15503,529
2024-04-16,tiktok,128.04,24158,518
2024-04-17,meta,307.58,34137,599
2024-04-17,google,156.27,12285,419
2024-04-17,tiktok,114.2,21547,462
2024-04-18,meta,357.28,39653,696
2024-04-18,google,207.22,16290,556
2024-04-18,tiktok,136.83,25816,554
2024-04-19,meta,343.6,38135,669
2024-04-19,google,206.72,16251,555
2024-04-19,tiktok,132.64,25026,537
2024-04-20,meta,388.87,43159,758
2024-04-20,google,199.75,15703,536
2024-04-20,tiktok,112.66,21256,456
2024-04-21,meta,326.02,36184,635
2024-04-21,google,159.66,12551,428
2024-04-21,tiktok,138.35,26103,560
2024-04-22,meta,306.49,34016,597
2024-04-22,google,170.56,13408,458
2024-04-22,tiktok,132.54,25007,536
2024-04-23,meta,370.99,41175,723
2024-04-23,google,198.19,15580,532
2024-04-23,tiktok,133.33,25156,540
2024-04-24,meta,340.2,37758,663
2024-04-24,google,186.54,14665,500
2024-04-24,tiktok,132.49,24998,536
2024-04-25,meta,350.33,38882,683
2024-04-25,google,184.82,14529,496
2024-04-25,tiktok,138.51,26133,561
2024-04-26,meta,313.09,34749,610
2024-04-26,google,191.12,15025,513
2024-04-26,tiktok,131.45,24801,532
2024-04-27,meta,339.23,37650,661
2024-04-27,google,183.39,14417,492
2024-04-27,tiktok,110.97,20937,449
2024-04-28,meta,326.16,36199,635
2024-04-28,google,199.53,15686,535
2024-04-28,tiktok,138.78,26184,562
2024-04-29,meta,303.35,33668,591
2024-04-29,google,204.77,16098,549
2024-04-29,tiktok,130.79,24677,529
2024-04-30,meta,332.79,36935,648
2024-04-30,google,195.51,15370,525
2024-04-30,tiktok,118.86,22426,481
2024-05-01,meta,338.72,36897,642
2024-05-01,google,198.47,15314,518
2024-05-01,tiktok,136.69,25312,539
2024-05-02,meta,369.87,40290,702
2024-05-02,google,174.16,13438,455
2024-05-02,tiktok,133.68,24755,527
2024-05-03,meta,334.46,36433,634
2024-05-03,google,170.1,13124,444
2024-05-03,tiktok,116.21,21520,458
2024-05-04,meta,371.34,40450,704
2024-05-04,google,204.9,15810,535
2024-05-04,tiktok,149.03,27598,587
2024-05-05,meta,387.05,42162,734
2024-05-05,google,209.87,16193,548
2024-05-05,tiktok,134.35,24879,529
2024-05-06,meta,385.12,41952,730
2024-05-06,google,179.97,13886,470
2024-05-06,tiktok,142.89,26461,563
2024-05-07,meta,375.36,40888,712
2024-05-07,google,157.22,12131,410
2024-05-07,tiktok,129.62,24003,511
2024-05-08,meta,418.8,45620,794
2024-05-08,google,208.78,16109,545
2024-05-08,tiktok,112.1,20759,442
2024-05-09,meta,356.35,38818,676
2024-05-09,google,206.85,15960,540
2024-05-09,tiktok,112.98,20922,445
2024-05-10,meta,415.29,45238,788
2024-05-10,google,172.12,13280,449
2024-05-10,tiktok,143.6,26592,566
2024-05-11,meta,357.02,38891,677
2024-05-11,google,191.24,14756,499
2024-05-11,tiktok,144.03,26672,568
2024-05-12,meta,352.62,38411,669
2024-05-12,google,161.72,12478,422
2024-05-12,tiktok,139.68,25866,550
2024-05-13,meta,385.03,41942,730
2024-05-13,google,202.07,15591,528
2024-05-13,tiktok,120.98,22403,477
2024-05-14,meta,416.28,45346,790
2024-05-14,google,178.6,13780,466
2024-05-14,tiktok,143.81,26631,567
2024-05-15,meta,315.57,34375,598
2024-05-15,google,209.44,16160,547
2024-05-15,tiktok,123.47,22864,486
2024-05-16,meta,366.87,39964,696
2024-05-16,google,209.96,16200,548
2024-05-16,tiktok,131.71,24390,519
2024-05-17,meta,340.74,37117,646
2024-05-17,google,193.42,14924,505
2024-05-17,tiktok,120.07,22235,473
2024-05-18,meta,380.95,41497,723
2024-05-18,google,182.75,14101,477
2024-05-18,tiktok,136.76,25325,539
2024-05-19,meta,416.78,45400,791
2024-05-19,google,173.81,13411,454
2024-05-19,tiktok,128.98,23885,508
2024-05-20,meta,341.26,37174,647
2024-05-20,google,156.43,12070,408
2024-05-20,tiktok,119.12,22059,469
2024-05-21,meta,331.67,36129,629
2024-05-21,google,176.19,13594,460
2024-05-21,tiktok,139.18,25774,548
2024-05-22,meta,366.98,39976,696
2024-05-22,google,178.84,13799,467
2024-05-22,tiktok,127.55,23620,503
2024-05-23,meta,374.59,40805,710
2024-05-23,google,189.6,14629,495
2024-05-23,tiktok,117.08,21681,461
2024-05-24,meta,326.75,35593,620
2024-05-24,google,173.14,13359,452
2024-05-24,tiktok,121.97,22587,481
2024-05-25,meta,411.85,44863,781
2024-05-25,google,179.16,13824,468
2024-05-25,tiktok,135.25,25046,533
2024-05-26,meta,321.08,34976,609
2024-05-26,google,170.96,13191,446
2024-05-26,tiktok,147.69,27349,582
2024-05-27,meta,347.97,37905,660
2024-05-27,google,183.93,14192,480
2024-05-27,tiktok,118.4,21925,466
2024-05-28,meta,419.02,45644,795
2024-05-28,google,160.21,12361,418
2024-05-28,tiktok,132.42,24522,522
2024-05-29,meta,319.14,34764,605
2024-05-29,google,163.57,12621,427
2024-05-29,tiktok,143.64,26599,566
2024-05-30,meta,354.24,38588,672
2024-05-30,google,167.75,12943,438
2024-05-30,tiktok,146.41,27112,577
2024-05-31,meta,401.47,43733,762
2024-05-31,google,210.22,16220,549
2024-05-31,tiktok,127.39,23590,502
2024-06-01,meta,485.3,51903,896
2024-06-01,google,234.51,17765,596
2024-06-01,tiktok,157.14,28570,603
2024-06-02,meta,455.46,48712,841
2024-06-02,google,226.53,17161,576
2024-06-02,tiktok,175.05,31827,672
2024-06-03,meta,405.91,43412,750
2024-06-03,google,221.81,16803,564
2024-06-03,tiktok,145.8,26509,559
2024-06-04,meta,472.68,50554,873
2024-06-04,google,212.13,16070,539
2024-06-04,tiktok,152.26,27683,584
2024-06-05,meta,410.39,43891,758
2024-06-05,google,206.67,15656,526
2024-06-05,tiktok,160.22,29130,615
2024-06-06,meta,408.13,43650,754
2024-06-06,google,204.2,15469,519
2024-06-06,tiktok,164.75,29954,632
2024-06-07,meta,399.38,42714,738
2024-06-07,google,209.0,15833,531
2024-06-07,tiktok,175.4,31890,673
2024-06-08,meta,448.13,47928,828
2024-06-08,google,228.18,17286,580
2024-06-08,tiktok,171.64,31207,659
2024-06-09,meta,474.51,50749,876
2024-06-09,google,212.81,16121,541
2024-06-09,tiktok,180.93,32896,694
2024-06-10,meta,412.04,44068,761
2024-06-10,google,224.43,17002,571
2024-06-10,tiktok,177.07,32194,679
2024-06-11,meta,516.53,55243,954
2024-06-11,google,241.72,18312,615
2024-06-11,tiktok,146.44,26625,562
2024-06-12,meta,506.11,54129,935
2024-06-12,google,201.79,15287,513
2024-06-12,tiktok,151.82,27603,582
2024-06-13,meta,451.77,48317,834
2024-06-13,google,202.52,15342,515
2024-06-13,tiktok,158.16,28756,607
2024-06-14,meta,399.41,42717,738
2024-06-14,google,209.42,15865,533
2024-06-14,tiktok,142.57,25921,547
2024-06-15,meta,426.81,45648,788
2024-06-15,google,233.45,17685,594
2024-06-15,tiktok,168.73,30678,647
2024-06-16,meta,403.45,43149,745
2024-06-16,google,203.78,15437,518
2024-06-16,tiktok,167.84,30516,644
2024-06-17,meta,396.52,42408,732
2024-06-17,google,201.77,15285,513
2024-06-17,tiktok,151.25,27500,580
2024-06-18,meta,483.98,51762,894
2024-06-18,google,240.77,18240,612
2024-06-18,tiktok,176.74,32134,678
2024-06-19,meta,427.63,45735,790
2024-06-19,google,217.23,16456,552
2024-06-19,tiktok,160.86,29247,617
2024-06-20,meta,449.96,48124,831
2024-06-20,google,247.07,18717,628
2024-06-20,tiktok,152.4,27709,585
2024-06-21,meta,385.19,41196,711
2024-06-21,google,235.31,17826,598
2024-06-21,tiktok,175.35,31881,673
2024-06-22,meta,427.61,45733,790
2024-06-22,google,209.85,15897,534
2024-06-22,tiktok,159.5,29000,612
2024-06-23,meta,518.75,55481,958
2024-06-23,google,208.44,15790,530
2024-06-23,tiktok,159.28,28960,611
2024-06-24,meta,466.51,49894,862
2024-06-24,google,207.62,15728,528
2024-06-24,tiktok,157.25,28590,603
2024-06-25,meta,475.39,50843,878
2024-06-25,google,198.77,15058,505
2024-06-25,tiktok,152.65,27754,586
2024-06-26,meta,432.97,46306,800
2024-06-26,google,211.26,16004,537
2024-06-26,tiktok,155.58,28287,597
2024-06-27,meta,407.84,43619,753
2024-06-27,google,200.76,15209,511
2024-06-27,tiktok,169.45,30809,650
2024-06-28,meta,444.68,47559,821
2024-06-28,google,239.08,18112,608
2024-06-28,tiktok,176.3,32054,676
2024-06-29,meta,404.8,43294,748
2024-06-29,google,230.69,17476,587
2024-06-29,tiktok,175.93,31987,675
2024-06-30,meta,512.35,54796,946
2024-06-30,google,236.27,17899,601
2024-06-30,tiktok,152.72,27767,586
2024-07-01,meta,467.93,49152,842
2024-07-01,google,213.62,15894,529
2024-07-01,tiktok,163.14,29132,610
2024-07-02,meta,510.14,53586,918
2024-07-02,google,198.18,14745,491
2024-07-02,tiktok,144.04,25721,538
2024-07-03,meta,423.22,44455,761
2024-07-03,google,236.28,17580,585
2024-07-03,tiktok,141.09,25194,527
2024-07-04,meta,451.92,47470,813
2024-07-04,google,219.82,16355,544
2024-07-04,tiktok,178.18,31817,666
2024-07-05,meta,403.8,42415,726
2024-07-05,google,213.81,15908,530
2024-07-05,tiktok,178.22,31824,666
2024-07-06,meta,483.58,50796,870
2024-07-06,google,219.09,16301,543
2024-07-06,tiktok,138.27,24691,517
2024-07-07,meta,503.03,52839,905
2024-07-07,google,244.88,18220,607
2024-07-07,tiktok,174.2,31107,651
2024-07-08,meta,510.56,53630,919
2024-07-08,google,247.47,18412,613
2024-07-08,tiktok,182.43,32576,682
2024-07-09,meta,456.81,47984,822
2024-07-09,google,250.84,18663,621
2024-07-09,tiktok,173.72,31021,649
2024-07-10,meta,513.59,53948,924
2024-07-10,google,225.47,16776,558
2024-07-10,tiktok,170.79,30498,638
2024-07-11,meta,453.69,47656,816
2024-07-11,google,238.24,17726,590
2024-07-11,tiktok,141.43,25255,528
2024-07-12,meta,532.56,55941,958
2024-07-12,google,255.02,18974,632
2024-07-12,tiktok,165.53,29558,619
2024-07-13,meta,460.81,48404,829
2024-07-13,google,224.15,16677,555
2024-07-13,tiktok,178.78,31924,668
2024-07-14,meta,491.17,51593,884
2024-07-14,google,245.79,18287,609
2024-07-14,tiktok,149.1,26624,557
2024-07-15,meta,420.64,44184,757
2024-07-15,google,251.52,18714,623
2024-07-15,tiktok,163.74,29239,612
2024-07-16,meta,533.82,56073,960
2024-07-16,google,242.38,18034,600
2024-07-16,tiktok,171.17,30566,640
2024-07-17,meta,486.21,51072,875
2024-07-17,google,240.94,17927,597
2024-07-17,tiktok,184.72,32985,690
2024-07-18,meta,516.06,54207,928
2024-07-18,google,215.16,16008,533
2024-07-18,tiktok,177.13,31630,662
2024-07-19,meta,458.07,48116,824
2024-07-19,google,239.02,17784,592
2024-07-19,tiktok,177.97,31780,665
2024-07-20,meta,500.81,52606,901
2024-07-20,google,221.59,16487,549
2024-07-20,tiktok,173.84,31042,650
2024-07-21,meta,432.56,45436,778
2024-07-21,google,208.34,15501,516
2024-07-21,tiktok,142.59,25462,533
2024-07-22,meta,482.24,50655,868
2024-07-22,google,250.96,18672,622
2024-07-22,tiktok,144.57,25816,540
2024-07-23,meta,418.51,43961,753
2024-07-23,google,189.91,14130,470
2024-07-23,tiktok,183.76,32814,687
2024-07-24,meta,486.5,51102,875
2024-07-24,google,241.5,17968,598
2024-07-24,tiktok,174.42,31146,652
2024-07-25,meta,510.8,53655,919
2024-07-25,google,234.27,17430,580
2024-07-25,tiktok,175.79,31391,657
2024-07-26,meta,413.28,43411,743
2024-07-26,google,226.87,16880,562
2024-07-26,tiktok,172.59,30819,645
2024-07-27,meta,411.95,43272,741
2024-07-27,google,223.67,16642,554
2024-07-27,tiktok,158.74,28346,593
2024-07-28,meta,472.86,49670,851
2024-07-28,google,248.0,18452,614
2024-07-28,tiktok,155.28,27728,580
2024-07-29,meta,522.6,54894,940
2024-07-29,google,217.98,16218,540
2024-07-29,tiktok,165.76,29599,619
2024-07-30,meta,485.85,51034,874
2024-07-30,google,229.5,17075,568
2024-07-30,tiktok,149.81,26751,560
2024-07-31,meta,405.29,42572,729
2024-07-31,google,252.59,18793,626
2024-07-31,tiktok,168.93,30166,631
2024-08-01,meta,401.9,41475,704
2024-08-01,google,187.35,13695,452
2024-08-01,tiktok,122.52,21494,446
2024-08-02,meta,355.48,36685,623
2024-08-02,google,179.66,13133,433
2024-08-02,tiktok,156.27,27415,569
2024-08-03,meta,400.35,41315,702
2024-08-03,google,199.19,14560,481
2024-08-03,tiktok,116.88,20505,425
2024-08-04,meta,421.59,43507,739
2024-08-04,google,185.45,13556,447
2024-08-04,tiktok,131.6,23087,479
2024-08-05,meta,397.85,41057,697
2024-08-05,google,203.0,14839,490
2024-08-05,tiktok,147.07,25801,535
2024-08-06,meta,367.98,37975,645
2024-08-06,google,194.74,14235,470
2024-08-06,tiktok,142.3,24964,518
2024-08-07,meta,381.7,39391,669
2024-08-07,google,191.8,14020,463
2024-08-07,tiktok,143.01,25089,521
2024-08-08,meta,416.39,42971,730
2024-08-08,google,181.56,13271,438
2024-08-08,tiktok,123.51,21668,450
2024-08-09,meta,413.53,42675,725
2024-08-09,google,196.73,14380,475
2024-08-09,tiktok,132.01,23159,480
2024-08-10,meta,374.51,38649,656
2024-08-10,google,166.19,12148,401
2024-08-10,tiktok,129.38,22698,471
2024-08-11,meta,404.03,41695,708
2024-08-11,google,188.89,13807,456
2024-08-11,tiktok,140.18,24592,510
2024-08-12,meta,433.49,44735,760
2024-08-12,google,158.45,11582,382
2024-08-12,tiktok,155.93,27356,568
2024-08-13,meta,404.19,41712,708
2024-08-13,google,187.11,13677,451
2024-08-13,tiktok,147.61,25896,537
2024-08-14,meta,450.51,46492,789
2024-08-14,google,200.97,14690,485
2024-08-14,tiktok,137.84,24182,502
2024-08-15,meta,349.61,36079,613
2024-08-15,google,208.43,15236,503
2024-08-15,tiktok,135.17,23714,492
2024-08-16,meta,372.39,38430,653
2024-08-16,google,199.97,14617,482
2024-08-16,tiktok,153.79,26980,560
2024-08-17,meta,363.06,37467,636
2024-08-17,google,180.73,13211,436
2024-08-17,tiktok,126.31,22159,460
2024-08-18,meta,454.96,46951,797
2024-08-18,google,186.93,13664,451
2024-08-18,tiktok,137.11,24054,499
2024-08-19,meta,378.52,39062,663
2024-08-19,google,189.56,13856,457
2024-08-19,tiktok,137.03,24040,499
2024-08-20,meta,369.84,38167,648
2024-08-20,google,201.38,14720,486
2024-08-20,tiktok,124.87,21907,454
2024-08-21,meta,438.16,45217,768
2024-08-21,google,165.86,12124,400
2024-08-21,tiktok,120.91,21212,440
2024-08-22,meta,362.35,37394,635
2024-08-22,google,182.47,13338,440
2024-08-22,tiktok,148.71,26089,541
2024-08-23,meta,423.6,43715,742
2024-08-23,google,213.89,15635,516
2024-08-23,tiktok,151.31,26545,551
2024-08-24,meta,364.03,37567,638
2024-08-24,google,189.6,13859,457
2024-08-24,tiktok,155.38,27259,566
2024-08-25,meta,431.36,44515,756
2024-08-25,google,162.42,11872,392
2024-08-25,tiktok,140.38,24628,511
2024-08-26,meta,420.39,43383,737
2024-08-26,google,186.54,13635,450
2024-08-26,tiktok,149.15,26166,543
2024-08-27,meta,366.48,37820,642
2024-08-27,google,208.2,15219,502
2024-08-27,tiktok,144.94,25428,528
2024-08-28,meta,344.22,35523,603
2024-08-28,google,191.4,13991,462
2024-08-28,tiktok,135.53,23777,493
2024-08-29,meta,454.4,46893,796
2024-08-29,google,176.77,12921,426
2024-08-29,tiktok,147.94,25954,539
2024-08-30,meta,399.91,41270,701
2024-08-30,google,202.35,14791,488
2024-08-30,tiktok,123.53,21671,450
2024-08-31,meta,405.01,41796,710
2024-08-31,google,189.44,13847,457
2024-08-31,tiktok,155.71,27317,567
2024-09-01,meta,356.23,36128,608
2024-09-01,google,188.64,13551,443
2024-09-01,tiktok,149.51,25777,530
2024-09-02,meta,382.48,38791,653
2024-09-02,google,168.45,12101,396
2024-09-02,tiktok,122.14,21058,433
2024-09-03,meta,465.35,47195,795
2024-09-03,google,209.14,15024,492
2024-09-03,tiktok,122.7,21155,435
2024-09-04,meta,367.76,37298,628
2024-09-04,google,180.82,12989,425
2024-09-04,tiktok,144.17,24856,511
2024-09-05,meta,402.32,40803,687
2024-09-05,google,180.89,12994,425
2024-09-05,tiktok,127.39,21963,452
2024-09-06,meta,364.28,36945,622
2024-09-06,google,171.05,12288,402
2024-09-06,tiktok,123.87,21356,439
2024-09-07,meta,408.29,41408,697
2024-09-07,google,165.48,11887,389
2024-09-07,tiktok,151.17,26063,536
2024-09-08,meta,350.24,35521,598
2024-09-08,google,169.1,12147,397
2024-09-08,tiktok,128.53,22160,456
2024-09-09,meta,365.43,37061,624
2024-09-09,google,207.19,14884,487
2024-09-09,tiktok,140.28,24186,498
2024-09-10,meta,415.92,42182,710
2024-09-10,google,208.14,14952,489
2024-09-10,tiktok,140.58,24237,499
2024-09-11,meta,423.24,42924,723
2024-09-11,google,168.49,12104,396
2024-09-11,tiktok,135.63,23384,481
2024-09-12,meta,351.15,35613,600
2024-09-12,google,173.82,12487,409
2024-09-12,tiktok,134.23,23143,476
2024-09-13,meta,364.17,36934,622
2024-09-13,google,184.59,13260,434
2024-09-13,tiktok,154.94,26713,550
2024-09-14,meta,359.15,36424,613
2024-09-14,google,209.0,15014,491
2024-09-14,tiktok,122.62,21141,435
2024-09-15,meta,418.79,42473,715
2024-09-15,google,171.77,12339,404
2024-09-15,tiktok,157.33,27125,558
2024-09-16,meta,350.45,35542,598
2024-09-16,google,209.6,15057,493
2024-09-16,tiktok,121.22,20900,430
2024-09-17,meta,422.13,42812,721
2024-09-17,google,206.23,14815,485
2024-09-17,tiktok,149.96,25855,532
2024-09-18,meta,356.08,36113,608
2024-09-18,google,181.41,13032,426
2024-09-18,tiktok,144.93,24987,514
2024-09-19,meta,367.34,37255,627
2024-09-19,google,189.63,13622,446
2024-09-19,tiktok,119.07,20529,422
2024-09-20,meta,374.62,37993,640
2024-09-20,google,184.32,13241,433
2024-09-20,tiktok,119.66,20631,424
2024-09-21,meta,351.83,35682,601
2024-09-21,google,190.89,13713,449
2024-09-21,tiktok,155.38,26789,551
2024-09-22,meta,457.24,46373,781
2024-09-22,google,164.23,11798,386
2024-09-22,tiktok,143.24,24696,508
2024-09-23,meta,348.76,35371,595
2024-09-23,google,207.73,14923,488
2024-09-23,tiktok,149.87,25839,532
2024-09-24,meta,395.86,40148,676
2024-09-24,google,180.88,12994,425
2024-09-24,tiktok,154.46,26631,548
2024-09-25,meta,377.19,38254,644
2024-09-25,google,181.75,13056,427
2024-09-25,tiktok,157.39,27136,558
2024-09-26,meta,409.03,41483,698
2024-09-26,google,209.35,15039,492
2024-09-26,tiktok,124.86,21527,443
2024-09-27,meta,425.91,43195,727
2024-09-27,google,174.98,12570,411
2024-09-27,tiktok,120.35,20750,427
2024-09-28,meta,435.77,44195,744
2024-09-28,google,212.8,15287,500
2024-09-28,tiktok,118.62,20451,421
2024-09-29,meta,438.58,44480,749
2024-09-29,google,209.44,15045,492
2024-09-29,tiktok,147.13,25367,522
2024-09-30,meta,457.21,46370,781
2024-09-30,google,178.82,12846,420
2024-09-30,tiktok,128.38,22134,455
2024-10-01,meta,383.79,38264,639
2024-10-01,google,161.42,11399,370
2024-10-01,tiktok,160.92,27274,556
2024-10-02,meta,447.34,44600,744
2024-10-02,google,183.65,12969,421
2024-10-02,tiktok,134.19,22744,464
2024-10-03,meta,366.29,36519,610
2024-10-03,google,177.51,12536,407
2024-10-03,tiktok,155.77,26401,539
2024-10-04,meta,392.03,39085,652
2024-10-04,google,212.84,15031,488
2024-10-04,tiktok,140.98,23894,487
2024-10-05,meta,362.16,36107,603
2024-10-05,google,210.35,14855,482
2024-10-05,tiktok,148.63,25191,514
2024-10-06,meta,459.95,45857,765
2024-10-06,google,213.36,15067,489
2024-10-06,tiktok,124.63,21123,431
2024-10-07,meta,385.62,38446,642
2024-10-07,google,166.97,11791,382
2024-10-07,tiktok,145.49,24659,503
2024-10-08,meta,413.62,41238,688
2024-10-08,google,162.99,11510,373
2024-10-08,tiktok,157.1,26627,543
2024-10-09,meta,431.72,43042,718
2024-10-09,google,212.75,15024,487
2024-10-09,tiktok,154.04,26108,533
2024-10-10,meta,394.72,39353,657
2024-10-10,google,159.89,11291,366
2024-10-10,tiktok,133.5,22627,461
2024-10-11,meta,438.19,43687,729
2024-10-11,google,171.26,12094,392
2024-10-11,tiktok,144.45,24483,499
2024-10-12,meta,443.56,44223,738
2024-10-12,google,183.3,12944,420
2024-10-12,tiktok,130.51,22120,451
2024-10-13,meta,428.81,42752,714
2024-10-13,google,172.43,12177,395
2024-10-13,tiktok,136.67,23164,472
2024-10-14,meta,441.12,43980,734
2024-10-14,google,189.09,13353,433
2024-10-14,tiktok,160.83,27259,556
2024-10-15,meta,418.34,41708,696
2024-10-15,google,171.21,12091,392
2024-10-15,tiktok,146.06,24755,505
2024-10-16,meta,431.91,43061,719
2024-10-16,google,209.18,14772,479
2024-10-16,tiktok,121.19,20540,419
2024-10-17,meta,359.15,35807,598
2024-10-17,google,204.77,14461,469
2024-10-17,tiktok,133.04,22549,460
2024-10-18,meta,407.15,40593,678
2024-10-18,google,198.35,14007,454
2024-10-18,tiktok,141.1,23915,488
2024-10-19,meta,363.21,36212,604
2024-10-19,google,200.14,14134,459
2024-10-19,tiktok,138.65,23500,479
2024-10-20,meta,388.13,38696,646
2024-10-20,google,166.73,11774,382
2024-10-20,tiktok,136.98,23216,473
2024-10-21,meta,358.37,35729,596
2024-10-21,google,206.74,14600,474
2024-10-21,tiktok,121.12,20528,419
2024-10-22,meta,430.59,42930,717
2024-10-22,google,203.25,14353,466
2024-10-22,tiktok,158.76,26908,549
2024-10-23,meta,404.41,40320,673
2024-10-23,google,207.41,14647,475
2024-10-23,tiktok,142.06,24077,491
2024-10-24,meta,442.96,44163,737
2024-10-24,google,200.43,14154,459
2024-10-24,tiktok,132.7,22491,459
2024-10-25,meta,466.29,46489,776
2024-10-25,google,176.11,12437,403
2024-10-25,tiktok,127.21,21561,440
2024-10-26,meta,370.01,36890,616
2024-10-26,google,165.84,11711,380
2024-10-26,tiktok,147.79,25049,511
2024-10-27,meta,433.15,43185,721
2024-10-27,google,167.81,11850,384
2024-10-27,tiktok,127.55,21618,441
2024-10-28,meta,369.66,36855,615
2024-10-28,google,215.05,15187,493
2024-10-28,tiktok,124.83,21157,431
2024-10-29,meta,423.62,42235,705
2024-10-29,google,212.44,15002,487
2024-10-29,tiktok,120.66,20450,417
2024-10-30,meta,451.62,45026,752
2024-10-30,google,207.46,14651,475
2024-10-30,tiktok,125.12,21206,432
2024-10-31,meta,419.11,41785,697
2024-10-31,google,179.58,12682,411
2024-10-31,tiktok,139.75,23686,483
2024-11-01,meta,658.76,64584,1069
2024-11-01,google,340.42,23640,761
2024-11-01,tiktok,247.19,41198,833
2024-11-02,meta,779.33,76404,1265
2024-11-02,google,292.41,20306,653
2024-11-02,tiktok,258.3,43050,871
2024-11-03,meta,685.63,67218,1113
2024-11-03,google,289.18,20081,646
2024-11-03,tiktok,197.28,32880,665
2024-11-04,meta,670.72,65756,1088
2024-11-04,google,337.36,23427,754
2024-11-04,tiktok,240.6,40100,811
2024-11-05,meta,724.77,71055,1176
2024-11-05,google,318.15,22093,711
2024-11-05,tiktok,258.56,43093,872
2024-11-06,meta,717.6,70352,1165
2024-11-06,google,282.78,19637,632
2024-11-06,tiktok,209.41,34901,706
2024-11-07,meta,712.79,69881,1157
2024-11-07,google,296.17,20567,662
2024-11-07,tiktok,225.21,37535,759
2024-11-08,meta,769.95,75485,1250
2024-11-08,google,336.0,23333,751
2024-11-08,tiktok,234.42,39070,790
2024-11-09,meta,744.83,73022,1209
2024-11-09,google,302.31,20993,675
2024-11-09,tiktok,261.97,43661,883
2024-11-10,meta,589.63,57806,957
2024-11-10,google,337.62,23445,754
2024-11-10,tiktok,213.61,35601,720
2024-11-11,meta,788.63,77316,1280
2024-11-11,google,307.45,21350,687
2024-11-11,tiktok,229.44,38240,773
2024-11-12,meta,772.02,75688,1253
2024-11-12,google,332.19,23068,742
2024-11-12,tiktok,222.34,37056,750
2024-11-13,meta,727.2,71294,1180
2024-11-13,google,277.68,19283,620
2024-11-13,tiktok,229.56,38260,774
2024-11-14,meta,743.47,72889,1207
2024-11-14,google,265.06,18406,592
2024-11-14,tiktok,215.99,35998,728
2024-11-15,meta,617.1,60500,1001
2024-11-15,google,344.48,23922,770
2024-11-15,tiktok,255.32,42553,861
2024-11-16,meta,684.78,67135,1111
2024-11-16,google,319.29,22172,713
2024-11-16,tiktok,236.07,39345,796
2024-11-17,meta,678.31,66500,1101
2024-11-17,google,283.84,19711,634
2024-11-17,tiktok,210.9,35150,711
2024-11-18,meta,766.6,75156,1244
2024-11-18,google,290.0,20138,648
2024-11-18,tiktok,221.29,36881,746
2024-11-19,meta,590.7,57911,959
2024-11-19,google,307.84,21377,688
2024-11-19,tiktok,199.36,33226,672
2024-11-20,meta,617.62,60550,1002
2024-11-20,google,313.03,21738,699
2024-11-20,tiktok,197.12,32853,664
2024-11-21,meta,675.97,66271,1097
2024-11-21,google,309.91,21521,692
2024-11-21,tiktok,216.92,36153,731
2024-11-22,meta,628.12,61580,1019
2024-11-22,google,285.63,19835,638
2024-11-22,tiktok,258.83,43138,873
2024-11-23,meta,640.25,62769,1039
2024-11-23,google,330.65,22961,739
2024-11-23,tiktok,243.39,40565,821
2024-11-24,meta,710.59,69665,1153
2024-11-24,google,275.47,19129,615
2024-11-24,tiktok,239.33,39888,807
2024-11-25,meta,595.4,58372,966
2024-11-25,google,328.1,22784,733
2024-11-25,tiktok,197.55,32925,666
2024-11-26,meta,695.49,68185,1129
2024-11-26,google,271.51,18854,607
2024-11-26,tiktok,218.19,36365,736
2024-11-27,meta,721.26,70711,1170
2024-11-27,google,267.6,18583,598
2024-11-27,tiktok,244.9,40816,826
2024-11-28,meta,725.42,71119,1177
2024-11-28,google,297.13,20634,664
2024-11-28,tiktok,206.27,34378,695
2024-11-29,meta,628.6,61627,1020
2024-11-29,google,257.59,17888,575
2024-11-29,tiktok,216.27,36045,729
2024-11-30,meta,689.54,67601,1119
2024-11-30,google,328.2,22791,733
2024-11-30,tiktok,196.72,32786,663
2024-12-01,meta,639.65,61682,1012
2024-12-01,google,273.74,18698,596
2024-12-01,tiktok,221.8,36360,729
2024-12-02,meta,797.57,76911,1262
2024-12-02,google,318.49,21754,694
2024-12-02,tiktok,204.74,33563,673
2024-12-03,meta,656.92,63348,1039
2024-12-03,google,266.77,18221,581
2024-12-03,tiktok,228.71,37493,752
2024-12-04,meta,814.2,78514,1288
2024-12-04,google,308.03,21040,671
2024-12-04,tiktok,262.87,43093,864
2024-12-05,meta,676.45,65231,1070
2024-12-05,google,342.68,23407,747
2024-12-05,tiktok,233.66,38304,768
2024-12-06,meta,659.32,63579,1043
2024-12-06,google,261.14,17837,569
2024-12-06,tiktok,226.4,37114,744
2024-12-07,meta,810.69,78176,1283
2024-12-07,google,299.2,20437,652
2024-12-07,tiktok,201.65,33057,663
2024-12-08,meta,766.85,73948,1213
2024-12-08,google,282.71,19310,616
2024-12-08,tiktok,210.68,34537,692
2024-12-09,meta,626.92,60455,992
2024-12-09,google,275.39,18810,600
2024-12-09,tiktok,213.45,34991,702
2024-12-10,meta,763.4,73616,1208
2024-12-10,google,313.96,21445,684
2024-12-10,tiktok,227.64,37318,748
2024-12-11,meta,736.9,71060,1166
2024-12-11,google,267.68,18284,583
2024-12-11,tiktok,252.57,41404,830
2024-12-12,meta,806.89,77810,1277
2024-12-12,google,339.32,23177,739
2024-12-12,tiktok,237.27,38896,780
2024-12-13,meta,773.23,74564,1224
2024-12-13,google,296.85,20276,647
2024-12-13,tiktok,245.55,40254,807
2024-12-14,meta,678.05,65385,1073
2024-12-14,google,345.06,23569,752
2024-12-14,tiktok,208.7,34213,686
2024-12-15,meta,615.71,59374,974
2024-12-15,google,334.9,22875,730
2024-12-15,tiktok,226.0,37049,743
2024-12-16,meta,684.97,66053,1084
2024-12-16,google,323.97,22129,706
2024-12-16,tiktok,257.9,42278,848
2024-12-17,meta,815.48,78638,1290
2024-12-17,google,292.54,19982,637
2024-12-17,tiktok,231.68,37980,762
2024-12-18,meta,776.47,74876,1229
2024-12-18,google,293.12,20021,639
2024-12-18,tiktok,222.36,36452,731
2024-12-19,meta,612.91,59104,970
2024-12-19,google,282.1,19269,615
2024-12-19,tiktok,223.91,36706,736
2024-12-20,meta,761.17,73401,1204
2024-12-20,google,265.35,18125,578
2024-12-20,tiktok,260.02,42626,855
2024-12-21,meta,791.17,76294,1252
2024-12-21,google,286.13,19544,623
2024-12-21,tiktok,254.92,41790,838
2024-12-22,meta,778.93,75113,1233
2024-12-22,google,310.55,21212,677
2024-12-22,tiktok,238.79,39145,785
2024-12-23,meta,678.52,65431,1074
2024-12-23,google,338.73,23137,738
2024-12-23,tiktok,260.99,42785,858
2024-12-24,meta,725.92,70001,1149
2024-12-24,google,273.82,18703,596
2024-12-24,tiktok,229.46,37616,754
2024-12-25,meta,604.51,58294,956
2024-12-25,google,305.75,20884,666
2024-12-25,tiktok,243.28,39881,800
2024-12-26,meta,765.43,73811,1211
2024-12-26,google,268.02,18307,584
2024-12-26,tiktok,215.86,35386,709
2024-12-27,meta,746.6,71996,1181
2024-12-27,google,272.22,18594,593
2024-12-27,tiktok,247.13,40513,812
2024-12-28,meta,632.74,61016,1001
2024-12-28,google,280.7,19173,612
2024-12-28,tiktok,265.08,43455,871
2024-12-29,meta,745.83,71921,1180
2024-12-29,google,324.35,22155,707
2024-12-29,tiktok,252.6,41409,830
2024-12-30,meta,674.52,65045,1067
2024-12-30,google,309.71,21155,675
2024-12-30,tiktok,236.82,38822,778
2024-12-31,meta,807.94,77911,1278
2024-12-31,google,336.75,23002,734
2024-12-31,tiktok,238.65,39122,784
